{"loss": 0.03846153989434242, "epoch": 4, "_timestamp": 1714556121.3943727, "_runtime": 405.55394673347473, "_step": 1549, "_wandb": {"runtime": 432}}