{"loss": 0.09375, "epoch": 3, "_timestamp": 1714555703.6652317, "_runtime": 425.6529116630554, "_step": 1065, "_wandb": {"runtime": 425}}