{"loss": 0.1505129039287567, "epoch": 4, "_timestamp": 1714561455.2067158, "_runtime": 868.356009721756, "_step": 1549, "_wandb": {"runtime": 901}}